,City,Country,Temperature,Humidity,Latitude,Longitude,Cloudiness,Wind Speed
0,Butaritari,KI,80.89,81,3.0707,172.7902,91,21.9
1,Albany,US,31.39,64,42.6001,-73.9662,75,12.66
2,Birmitrapur,IN,61.47,61,22.4,84.7667,40,6.38
3,Punta Arenas,CL,57.09,41,-53.15,-70.9167,20,19.57
4,Aswān,EG,70.03,25,24.0934,32.907,0,10.0
5,Atasū,KZ,31.48,98,48.6814,71.6433,100,24.72
6,Ushuaia,AR,51.8,50,-54.8,-68.3,20,18.41
7,Nova Granada,BR,82.4,39,-20.5339,-49.3142,40,12.66
8,Tomatlán,MX,80.04,55,19.9333,-105.25,89,1.52
9,Faanui,PF,81.37,69,-16.4833,-151.75,0,10.25
10,Jamestown,US,17.46,62,42.097,-79.2353,1,21.85
11,Srednekolymsk,RU,-21.84,85,67.45,153.6833,7,2.33
12,Lebu,CL,62.74,77,-37.6167,-73.65,92,6.29
13,Anadyr,RU,-7.26,77,64.75,177.4833,0,8.95
14,Cape Town,ZA,74.3,68,-33.9258,18.4232,20,19.57
15,Arrondissement de Saint-Gaudens,FR,51.8,93,43.0833,0.6667,90,11.5
16,Salinas,US,43.25,87,36.6777,-121.6555,1,5.75
17,Mahébourg,MU,78.8,83,-20.4081,57.7,20,5.75
18,Wajid,SO,87.71,23,3.8093,43.2471,0,13.09
19,Dingle,PH,75.36,91,10.9995,122.6711,65,9.55
20,Lewistown,US,31.05,47,40.5992,-77.5714,1,21.85
21,Hobart,AU,56.53,82,-42.8794,147.3294,75,6.91
22,Quang Ngai,VN,68.59,90,15.1167,108.8,45,2.53
23,Mataura,NZ,49.21,94,-46.1927,168.8643,3,1.16
24,Namtsy,RU,-41.8,60,62.7161,129.6658,99,4.47
25,Ibrā’,OM,58.93,50,22.6906,58.5334,0,6.13
26,Rikitea,PF,77.47,74,-23.1203,-134.9692,100,13.2
27,Saskylakh,RU,-37.82,80,71.9167,114.0833,69,4.61
28,Verkhnyaya Inta,RU,-28.44,85,65.9811,60.3094,50,8.99
29,Qaanaaq,GL,9.66,87,77.484,-69.3632,100,7.31
30,Volzhskiy,RU,22.01,68,48.7858,44.7797,75,13.42
31,Fortuna,US,43.88,100,40.5982,-124.1573,90,3.04
32,Tuktoyaktuk,CA,-16.6,76,69.4541,-133.0374,90,16.11
33,Manyana,BW,78.39,62,-23.4,21.7167,11,8.5
34,Kapaa,US,58.23,82,22.0752,-159.319,40,8.05
35,Laas,IT,38.73,93,46.6166,10.7002,20,10.36
36,Barrow,US,-0.4,71,71.2906,-156.7887,90,10.36
37,Port Alfred,ZA,77.0,87,-33.5906,26.891,15,3.0
38,Mabaruma,GY,80.6,83,8.2,-59.7833,75,20.71
39,Ladário,BR,86.0,51,-19.0047,-57.6017,75,5.75
40,Mar del Plata,AR,69.8,64,-38.0023,-57.5575,75,14.97
41,Rabak,SD,76.01,18,13.1809,32.74,45,10.47
42,Nanortalik,GL,24.35,79,60.1432,-45.2371,0,4.09
43,Vao,NC,77.31,87,-22.6667,167.4833,1,8.12
44,Bluff,NZ,54.27,86,-46.6,168.3333,9,1.45
45,Hithadhoo,MV,81.99,76,-0.6,73.0833,100,14.25
46,Pevek,RU,-1.84,86,69.7008,170.3133,100,1.32
47,Ponta do Sol,PT,57.27,51,32.6667,-17.1,40,6.91
48,Hermanus,ZA,73.0,79,-34.4187,19.2345,1,5.01
49,Narón,ES,50.52,57,43.5167,-8.1528,20,9.22
50,Norman Wells,CA,-34.6,67,65.282,-126.8329,40,4.61
51,Tiksi,RU,-25.46,85,71.6872,128.8694,100,7.23
52,Tiznit Province,MA,52.75,65,29.5833,-9.5,96,15.21
53,Chumikan,RU,-9.18,82,54.7183,135.315,100,12.97
54,Bireun,ID,78.96,83,5.203,96.7009,85,4.38
55,Tumbi,TZ,69.8,88,-5.0667,32.7333,75,5.75
56,Mil'kovo,RU,6.35,94,54.7167,158.6167,100,2.77
57,Auki,SB,78.71,85,-8.7676,160.7034,100,10.45
58,Malmesbury,ZA,73.53,68,-33.4608,18.7271,20,19.57
59,Souillac,MU,78.8,83,-20.5167,57.5167,20,5.75
60,Karratha,AU,78.82,76,-20.7377,116.8463,5,10.65
61,Beringovskiy,RU,-9.65,88,63.05,179.3167,1,6.76
62,George Town,MY,84.09,74,5.4112,100.3354,20,5.75
63,Busselton,AU,58.62,94,-33.65,115.3333,100,1.01
64,Menzelinsk,RU,5.0,85,55.7271,53.1026,90,20.13
65,Muroto-misakicho,JP,53.8,72,33.2833,134.15,0,6.69
66,Asunción Nochixtlán,MX,67.55,45,17.4667,-97.2333,8,3.78
67,Port Elizabeth,ZA,78.8,73,-33.918,25.5701,75,9.22
68,Naranjos,MX,73.42,78,21.35,-97.6833,0,4.74
69,Caravelas,BR,82.89,81,-17.7125,-39.2481,92,9.93
70,Plettenberg Bay,ZA,73.13,69,-34.0527,23.3716,10,5.48
71,Cherskiy,RU,-9.98,81,68.75,161.3,0,7.72
72,Panji,ID,77.05,89,-7.7253,114.0995,100,4.59
73,Kikwit,CD,78.1,85,-5.041,18.8162,90,2.44
74,Nyaunglebin,MM,73.09,56,17.95,96.7333,0,2.68
75,Kaitangata,NZ,50.25,93,-46.2817,169.8464,2,3.51
76,Torbay,CA,36.57,80,47.6666,-52.7314,90,5.75
77,Chany,RU,31.32,99,55.3121,76.7647,100,16.91
78,Muyezerskiy,RU,13.14,96,63.9333,31.65,97,8.97
79,Igrim,RU,-16.29,88,63.1906,64.4162,100,12.03
80,Katsuura,JP,46.04,87,35.1333,140.3,20,11.5
81,Castro,BR,76.21,51,-24.7911,-50.0119,0,5.57
82,Salym,RU,34.95,98,60.0625,71.4789,100,10.04
83,Xam Nua,LA,55.9,93,20.4197,104.0439,2,1.72
84,Kavaratti,IN,81.21,66,10.5669,72.642,0,10.0
85,Abhā,SA,54.45,76,18.2164,42.5053,40,11.5
86,Bethel,US,38.1,44,41.3712,-73.414,1,16.11
87,Arrondissement de Carpentras,FR,61.45,59,44.0833,5.1667,90,16.11
88,Prince Rupert,CA,36.01,93,54.3161,-130.3201,90,4.61
89,Puerto Ayora,EC,80.28,74,-0.7393,-90.3518,40,9.22
90,Hauterive,FR,54.19,55,46.0901,3.4459,90,18.41
91,Saint-Paul,RE,71.17,97,-21.0096,55.2707,53,1.97
92,Chokurdakh,RU,-16.37,87,70.6333,147.9167,99,3.94
93,Barra Patuca,HN,83.84,68,15.8,-84.2833,44,9.8
94,Padang,ID,75.2,88,-0.9492,100.3543,20,2.3
95,Thompson,CA,-34.6,67,55.7435,-97.8558,75,9.22
96,Miandrivazo,MG,80.85,78,-19.5167,45.4667,100,1.72
97,Ratnagiri,IN,76.78,59,16.9833,73.3,0,8.3
98,Kindu,CD,73.53,89,-2.95,25.95,93,2.37
99,Stokmarknes,NO,25.3,87,68.5646,14.9108,80,16.69
100,Vaini,TO,73.4,100,-21.2,-175.2,90,11.5
101,Codrington,AU,59.23,79,-38.2667,141.9667,98,15.35
102,Nome,US,15.8,86,64.5011,-165.4064,90,6.91
103,Airai,TL,61.0,97,-8.9266,125.4092,100,1.97
104,Tumsar,IN,62.44,33,21.3833,79.7333,0,7.87
105,Opuwo,NA,84.38,38,-18.0607,13.84,100,4.16
106,Cabo San Lucas,MX,66.2,72,22.8909,-109.9124,1,3.44
107,Tambacounda,SN,87.8,27,13.7539,-13.7586,0,11.5
108,Chui,UY,79.66,50,-33.6971,-53.4616,0,10.09
109,Hong Kong,HK,64.63,76,22.2855,114.1577,0,4.54
110,Dudinka,RU,-30.28,81,69.4058,86.1778,0,10.11
111,Barabash,RU,8.6,61,43.2,131.4833,80,6.71
112,Clyde River,CA,-14.8,84,70.4692,-68.5914,40,2.3
113,Bengkulu,ID,76.86,85,-3.8004,102.2655,78,6.55
114,Alice Springs,AU,76.42,31,-23.7,133.8833,49,6.91
115,Hilo,US,60.06,67,19.7297,-155.09,1,6.91
116,Nishihara,JP,65.25,72,26.1842,127.7558,20,6.91
117,Antofagasta,CL,73.06,60,-23.65,-70.4,0,13.8
118,East London,ZA,77.0,88,-33.0153,27.9116,75,6.91
119,New Norfolk,AU,54.81,74,-42.7826,147.0587,4,1.99
120,Khatanga,RU,-36.92,78,71.9667,102.5,0,5.12
121,Banff,CA,-2.81,78,51.1762,-115.5698,100,4.61
122,Macklin,CA,-23.8,76,52.3334,-109.9348,100,5.75
123,Carutapera,BR,89.71,54,-1.195,-46.02,66,10.6
124,Atuona,PF,80.29,76,-9.8,-139.0333,60,22.68
125,Tondano,ID,77.0,94,1.3038,124.9112,40,2.3
126,Thunder Bay,CA,-5.57,59,48.4001,-89.3168,75,16.11
127,Mount Gambier,AU,57.2,88,-37.8333,140.7667,90,8.05
128,Ōdachō-ōda,JP,48.36,82,35.1833,132.5,10,10.85
129,Talnakh,RU,-29.24,76,69.4865,88.3972,0,3.56
130,Inuvik,CA,-21.95,69,68.3499,-133.7218,100,3.44
131,Nālūt,LY,78.06,16,30.3333,10.85,100,12.84
132,Saint Paul Harbor,US,24.8,68,57.79,-152.4072,1,10.42
133,Port Lincoln,AU,61.07,81,-34.7333,135.8667,85,12.88
134,Kiryat Gat,IL,61.25,100,31.61,34.7642,21,5.12
135,West Bay,KY,83.46,74,19.3667,-81.4167,20,12.66
136,Pijijiapan,MX,88.14,33,15.7011,-93.23,0,6.29
137,Saint-Augustin,CA,32.14,98,51.226,-58.6502,100,11.83
138,Evensk,RU,7.38,89,61.95,159.2333,100,15.3
139,George Town,MY,84.09,74,5.4112,100.3354,20,5.75
140,São Miguel do Araguaia,BR,82.6,79,-13.275,-50.1628,100,8.84
141,Cidreira,BR,75.22,63,-30.1811,-50.2056,57,11.12
142,Sangar,RU,-42.25,77,63.9242,127.4739,67,4.0
143,Severo-Kuril'sk,RU,19.58,94,50.6789,156.125,100,16.98
144,Dikson,RU,-29.18,86,73.5069,80.5464,34,10.02
145,Yellowknife,CA,-46.3,65,62.456,-114.3525,1,4.81
146,Lubango,AO,68.0,50,-14.9172,13.4925,75,6.91
147,Alofi,NU,77.0,88,-19.0595,-169.9187,100,6.91
148,Vila Franca do Campo,PT,60.8,82,37.7167,-25.4333,20,17.27
149,Gushikawa,JP,64.69,82,26.3544,127.8686,20,4.61
150,Bima,ID,76.46,86,-8.4667,118.7167,69,1.88
151,Río Gallegos,AR,60.8,31,-51.6226,-69.2181,40,14.97
152,Tasiilaq,GL,32.0,93,65.6145,-37.6368,75,44.87
153,Labuhan,ID,78.87,85,-6.8844,112.2051,81,11.23
154,Arraial do Cabo,BR,75.97,73,-22.9661,-42.0278,75,2.3
155,Yerbogachën,RU,-11.97,90,61.2767,108.0108,89,3.2
156,Tilichiki,RU,6.42,92,60.4667,166.1,100,13.85
157,Lagoa,PT,59.58,90,39.05,-27.9833,100,20.45
158,Sitka,US,35.6,93,57.0531,-135.33,90,12.66
159,Ballina,AU,69.57,94,-28.8667,153.5667,85,1.81
160,Rize,TR,32.41,87,40.9044,40.8949,82,2.91
161,Olafsvik,IS,35.71,79,64.8945,-23.7142,100,16.87
162,Marshall,US,42.58,52,34.3834,-86.3333,1,4.61
163,Fukuechō,JP,55.83,67,32.6881,128.8419,0,11.9
164,Vetluga,RU,-5.64,91,57.8557,45.781,100,10.09
165,Guerrero Negro,MX,60.44,76,27.9769,-114.0611,0,7.76
166,Jalu,LY,66.58,30,29.0331,21.5482,55,8.43
167,Barraute,CA,15.44,79,48.4335,-77.6328,90,10.36
168,Mirny,RU,-24.25,87,62.5353,113.9611,88,1.81
169,Berbera,SO,75.78,72,10.4396,45.0143,28,5.53
170,Cumberland,US,50.16,43,35.0502,-78.8664,1,5.75
171,Tourlaville,FR,42.8,75,49.6383,-1.5664,20,6.91
172,Praia da Vitória,PT,63.36,77,38.7333,-27.0667,40,11.68
173,Upernavik,GL,20.3,81,72.7868,-56.1549,100,6.55
174,Codajás,BR,78.93,90,-3.8367,-62.0569,100,4.45
175,Vieste,IT,48.2,93,41.8825,16.175,0,6.91
176,Maraã,BR,83.82,79,-1.8333,-65.3667,97,0.18
177,Turukhansk,RU,-5.75,91,65.8167,87.9833,100,17.05
178,Maningrida,AU,77.22,83,-12.0667,134.2667,100,10.78
179,Polyarny,RU,23.0,86,69.1989,33.4478,75,6.71
180,Muros,ES,51.35,62,42.7762,-9.0603,9,7.0
181,Santander Jiménez,MX,70.63,72,24.2167,-98.4667,62,3.62
182,Tadine,NC,75.81,83,-21.55,167.8833,0,0.36
183,Port Hawkesbury,CA,47.1,76,45.6169,-61.3485,1,16.11
184,Celestún,MX,79.57,65,20.8667,-90.4,30,7.99
185,Havelock,US,49.19,53,34.8791,-76.9013,75,9.22
186,Bathsheba,BB,84.2,54,13.2167,-59.5167,40,21.85
187,Rincon,US,49.28,66,32.296,-81.2354,90,9.22
188,Panabá,MX,86.45,58,21.2833,-88.2667,10,12.82
189,Kavieng,PG,81.86,71,-2.5744,150.7967,96,3.78
190,Vestmannaeyjar,IS,35.6,87,63.4427,-20.2734,40,31.07
191,Nuevo Progreso,MX,70.45,67,23.1667,-97.95,5,1.99
192,Constantine,DZ,71.6,17,36.365,6.6147,2,20.71
193,Saint-Philippe,RE,76.71,74,-21.3585,55.7679,40,6.91
194,Viedma,AR,78.01,45,-40.8135,-62.9967,0,1.01
195,Tura,IN,57.72,70,25.5198,90.2201,35,3.69
196,Port Macquarie,AU,69.51,99,-31.4333,152.9167,74,5.55
197,Yekaterinoslavka,RU,-21.75,87,50.3734,129.1139,57,6.17
198,Avarua,CK,75.2,94,-21.2078,-159.775,15,2.3
199,Faya,SA,54.5,76,18.3851,42.4509,40,11.5
200,Houma,US,59.63,88,29.5958,-90.7195,90,13.8
201,Boali,CF,93.2,55,4.8005,18.1275,20,2.3
202,Sherbakul',RU,32.0,100,54.6316,72.3963,75,15.66
203,Luwuk,ID,77.72,73,-0.9516,122.7875,100,3.44
204,Sur,OM,65.34,59,22.5667,59.5289,0,7.09
205,Saldanha,ZA,75.2,64,-33.0117,17.9442,20,18.41
206,Finote Selam,ET,63.86,29,10.7,37.2667,0,7.43
207,Coquimbo,CL,64.4,72,-29.9533,-71.3436,90,6.91
208,Linjiang,CN,14.05,92,41.8069,126.9078,99,2.68
209,Batemans Bay,AU,56.75,89,-35.7167,150.1833,0,3.27
210,Takāb,IR,37.72,87,36.4009,47.1133,100,2.26
211,Sampaloc,PH,78.26,78,14.5402,121.3602,20,3.44
212,Klaksvík,FO,33.8,69,62.2266,-6.589,75,19.57
213,Iqaluit,CA,23.0,86,63.7506,-68.5145,75,19.57
214,Vanimo,PG,77.22,84,-2.6741,141.3028,98,3.51
215,Johi,PK,60.6,28,26.6921,67.6133,0,3.87
216,Nagornyy,RU,30.2,86,52.7959,83.5498,0,6.71
217,Necochea,AR,75.99,59,-38.5473,-58.7368,7,14.81
218,Hofn,IS,35.91,84,64.2539,-15.2082,100,17.78
219,Altoona,US,30.72,49,40.5187,-78.3947,0,11.01
220,Haines Junction,CA,-27.4,68,60.7522,-137.5108,87,0.6
221,Chernyshevskiy,RU,-32.15,86,63.0128,112.4714,0,1.32
222,Sørland,NO,34.75,83,67.667,12.6934,100,26.62
223,Wangqing,CN,6.35,90,43.3218,129.7634,88,4.81
224,Cambuí,BR,74.07,80,-22.6122,-46.0575,57,5.73
225,Malbork,PL,15.94,67,54.0359,19.0266,40,9.22
226,Dobryanka,RU,23.0,86,58.4619,56.4165,75,13.42
227,Kalianget,ID,79.84,82,-7.05,113.9333,88,12.37
228,Rapid Valley,US,-0.44,78,44.0625,-103.1463,20,12.66
229,Pitimbu,BR,87.8,58,-7.4706,-34.8086,75,12.66
230,Kalakamati,BW,77.0,73,-20.5929,27.3121,40,9.22
231,Dashitou,CN,1.53,90,43.3067,128.5114,54,5.48
232,Provideniya,RU,2.03,92,64.3833,-173.3,64,4.23
233,Esperance,AU,60.8,82,-33.8667,121.9,90,9.22
234,Buluang,PH,73.87,92,13.3068,123.3425,40,3.8
235,Bay City,US,16.29,67,43.5945,-83.8889,75,17.27
236,Ribeira Grande,PT,62.6,82,38.5167,-28.7,75,24.16
237,Semenyih,MY,79.81,78,2.9516,101.843,20,4.61
238,Dali,CN,46.42,56,25.7,100.1833,1,5.12
239,Morón,AR,88.61,32,-34.6534,-58.6198,0,1.01
240,Makokou,GA,84.2,74,0.5738,12.8642,40,4.61
241,Ahtopol,BG,51.8,82,42.1,27.95,0,9.22
242,Araouane,ML,85.55,14,18.9048,-3.5265,100,14.52
243,West Wendover,US,30.2,64,40.7391,-114.0733,1,6.22
244,Fergus Falls,US,-11.15,70,46.283,-96.0776,1,19.57
245,Ponta Delgada,PT,60.8,82,37.7333,-25.6667,20,17.27
246,Babīna,IN,55.42,46,25.25,78.4667,0,5.35
247,Murgab,TM,51.8,66,37.4966,61.9714,90,6.91
248,Carnarvon,AU,80.6,100,-24.8667,113.6333,40,11.5
249,Port Hedland,AU,80.6,74,-20.3167,118.5667,90,6.91
250,Chunskiy,RU,14.23,96,56.0815,99.6342,100,3.44
251,Martinsville,US,49.05,31,36.6915,-79.8725,1,10.36
252,Oranjemund,NA,67.35,81,-28.55,16.4333,0,18.99
253,Jaisalmer,IN,61.25,28,26.9147,70.9181,0,5.61
254,Mishkino,RU,33.98,98,55.3389,63.9175,100,12.01
255,Ode,NG,93.04,14,7.7899,5.7117,38,5.3
256,Bredasdorp,ZA,75.2,60,-34.5322,20.0403,12,17.27
257,Channel-Port aux Basques,CA,38.3,96,47.5702,-59.1367,100,19.39
258,Chimbote,PE,76.14,63,-9.0853,-78.5783,100,8.97
259,Kiunga,PG,74.34,98,-6.1219,141.2906,100,1.9
260,Vágur,FO,37.49,76,61.4732,-6.8119,100,23.33
261,Lumeje,AO,73.44,80,-11.55,20.7833,56,8.21
262,Poum,NC,79.84,67,-20.2333,164.0167,15,2.95
263,Raahe,FI,12.2,85,64.6833,24.4833,0,9.22
264,Waitati,NZ,56.57,79,-45.75,170.5667,7,11.99
265,Beyla,GN,94.32,22,8.6833,-8.6333,100,4.56
266,Ishigaki,JP,70.39,65,24.3448,124.1572,0,8.84
267,Hazorasp,UZ,46.4,76,41.3194,61.0742,0,6.91
268,Hualmay,PE,74.79,67,-11.0964,-77.6139,93,8.97
269,Jumla,NP,27.95,81,29.2747,82.1838,7,6.2
270,Ishinomaki,JP,41.63,78,38.4167,141.3,1,9.31
271,Keuruu,FI,7.79,92,62.2667,24.7,0,5.75
272,Bambous Virieux,MU,79.38,83,-20.3428,57.7575,20,5.75
273,Tuatapere,NZ,51.49,86,-46.1333,167.6833,1,3.22
274,Lata,PT,55.58,73,40.1629,-8.3327,89,1.99
275,Majene,ID,78.4,84,-3.5403,118.9707,100,2.21
276,Keti Bandar,PK,67.62,56,24.1447,67.4497,0,9.24
277,Taicheng,CN,29.82,81,38.731,113.228,0,4.21
278,Gijón,ES,50.47,84,43.5357,-5.6615,98,5.01
279,Evora,PT,50.0,93,38.5667,-7.9,90,14.97
280,Nísia Floresta,BR,88.66,55,-6.0911,-35.2086,75,10.36
281,Ituporanga,BR,86.76,39,-27.4144,-49.6025,0,1.01
282,Uíge,AO,78.8,73,-7.6087,15.0613,75,9.22
283,Pisco,PE,73.65,83,-13.7,-76.2167,75,9.22
284,Cuenca,EC,68.0,52,-2.8833,-78.9833,75,6.91
285,Totness,SR,82.9,68,5.8833,-56.3167,100,12.71
286,Hingoli,IN,68.22,26,19.7167,77.15,0,10.07
287,Paamiut,GL,23.04,81,61.994,-49.6678,0,7.18
288,Colares,PT,53.17,76,38.7992,-9.4469,40,19.57
289,Collie,AU,57.99,89,-33.3667,116.15,100,3.0
290,Bannu,PK,54.1,45,32.9854,70.6027,0,1.7
291,Half Moon Bay,US,48.52,93,37.4636,-122.4286,90,3.2
292,Aksu,CN,26.98,87,41.1231,80.2644,0,1.59
293,Neyshabur,IR,51.93,44,36.2133,58.7958,100,4.41
294,Larsnes,NO,26.01,70,62.2028,5.5773,0,4.36
295,Aykhal,RU,-34.06,81,66.0,111.5,2,5.17
296,Wadi Maliz,TN,60.8,82,36.4681,8.5495,40,2.3
297,Ambilobe,MG,76.26,89,-13.2,49.05,100,0.98
298,Achit,RU,19.53,97,56.7985,57.8994,100,15.03
299,Yong’an,CN,23.0,86,39.6957,113.6871,0,3.94
300,Casas Grandes,MX,50.0,29,30.3667,-107.95,0,0.85
301,Rāmāpuram,IN,78.8,65,13.1167,79.2,20,3.44
302,Vyazemskiy,RU,-10.08,90,47.5378,134.7525,99,2.04
303,Pacasmayo,PE,75.34,63,-7.4006,-79.5714,99,10.78
304,Narsaq,GL,32.0,29,60.9167,-46.05,1,14.97
305,Pangnirtung,CA,15.8,79,66.1451,-65.7125,75,8.05
306,Krasnosel'kup,RU,1.15,93,65.7,82.4667,100,13.65
307,Tahe,CN,-15.36,87,52.3333,124.7333,54,3.27
308,Freeport,US,40.77,42,40.6576,-73.5832,1,19.57
309,Grand Gaube,MU,80.01,77,-20.0064,57.6608,39,5.01
310,Palmer,US,37.29,51,42.1584,-72.3287,40,21.85
311,Yar-Sale,RU,-30.8,84,66.8333,70.8333,100,13.56
312,Taltal,CL,69.13,61,-25.4,-70.4833,18,6.17
313,Rovaniemi,FI,15.8,86,66.5,25.7167,0,12.66
314,Bunbury,AU,57.99,89,-33.3333,115.6333,100,3.0
315,Along,IN,53.76,52,28.1667,94.7667,5,1.95
316,Praia,CV,73.4,56,14.9215,-23.5087,75,25.32
317,Adrar,MR,71.4,22,20.5022,-10.0711,37,14.29
318,Dunedin,NZ,56.35,86,-45.8742,170.5036,4,1.99
319,Deputatsky,RU,-35.66,85,69.3,139.9,83,0.72
320,Rocha,UY,84.7,39,-34.4833,-54.3333,0,13.91
321,Lavrentiya,RU,-4.02,82,65.5833,-171.0,81,6.15
322,Ambon City,ID,78.8,89,-3.6954,128.1814,40,5.75
323,Ancud,CL,75.63,35,-41.8697,-73.8203,0,13.8
324,Vila Velha,BR,82.4,74,-20.3297,-40.2925,20,14.97
325,Kapuskasing,CA,-3.1,71,49.4169,-82.4331,100,16.11
326,Rodrigues Alves,BR,84.2,79,-7.738,-72.6509,75,6.91
327,Ilulissat,GL,19.4,38,69.2167,-51.1,40,21.85
328,Lovozero,RU,19.76,96,68.005,35.0117,100,17.36
329,Coahuayana Viejo,MX,71.6,73,18.7333,-103.6833,1,2.89
330,Lufilufi,WS,80.28,89,-13.8745,-171.5986,75,17.27
331,Lázaro Cárdenas,MX,82.18,57,17.9583,-102.2,27,3.53
332,Medvedevo,RU,-0.4,78,56.6339,47.804,40,15.66
333,College,US,-11.6,70,64.8569,-147.8028,90,1.14
334,Severomuysk,RU,-18.87,89,56.1481,113.4267,100,2.13
335,La Maddalena,IT,55.4,94,41.2142,9.4083,20,2.3
336,Lüderitz,NA,77.23,46,-26.6481,15.1594,0,30.27
337,Kānt,IN,54.39,58,27.8,79.8,0,8.01
338,Puri,IN,71.6,68,19.8,85.85,20,9.01
339,Halifax,CA,43.09,75,44.6453,-63.5724,81,23.02
340,Tateyama,JP,45.57,87,34.9833,139.8667,20,11.5
341,Tessalit,ML,90.03,11,20.1986,1.0114,99,16.42
342,Isangel,VU,77.56,80,-19.55,169.2667,0,3.29
343,Saint Anthony,US,-1.77,55,45.0205,-93.218,20,19.57
344,Fairlie,GB,39.4,85,55.756,-4.8556,88,5.01
345,Luangwa,ZM,77.63,83,-15.6167,30.4167,36,3.6
346,Nikolskoye,RU,11.23,85,59.7035,30.7861,90,13.42
347,Nyagan,RU,0.46,93,62.1406,65.3936,100,9.4
348,The Valley,AI,75.43,88,18.217,-63.0578,40,12.66
349,Saint-Louis,SN,80.6,39,16.3333,-15.0,0,4.61
350,Richards Bay,ZA,76.53,78,-28.783,32.0377,26,9.35
351,Quatre Cocos,MU,79.43,83,-20.2078,57.7625,20,5.75
352,Tefé,BR,84.2,84,-3.3542,-64.7114,75,6.91
353,Linköping,SE,11.88,85,58.4109,15.6216,1,3.44
354,Sittwe,MM,67.17,65,20.15,92.9,17,9.17
355,Kāmalāpuram,IN,70.7,60,14.5833,78.65,0,6.89
356,Naze,JP,61.47,82,28.3667,129.4833,98,7.16
357,Hasaki,JP,38.53,87,35.7333,140.8333,20,5.75
358,Jalingo,NG,91.87,11,8.8833,11.3667,5,5.44
359,Yamada,JP,37.06,85,39.4667,141.95,57,4.54
360,Sambava,MG,79.79,79,-14.2667,50.1667,25,2.64
361,Heyang,CN,53.55,74,26.1011,107.473,0,3.53
362,Sorong,ID,80.78,79,-0.8833,131.25,100,1.16
363,Khāsh,IR,51.94,38,28.2211,61.2158,0,4.16
364,Gravdal,NO,32.74,89,68.1214,13.5031,81,20.94
365,Marawi,PH,75.0,91,7.9986,124.2928,99,5.01
366,Mlandizi,TZ,82.4,78,-6.7,38.7333,20,16.11
367,Tres Arroyos,AR,84.38,35,-38.3739,-60.2798,0,10.29
368,Kitimat,CA,28.0,96,54.0524,-128.6534,91,1.88
369,Waipawa,NZ,52.11,87,-41.4122,175.5153,100,4.61
370,Sherman,US,44.15,76,33.6357,-96.6089,90,3.6
371,Walvis Bay,NA,69.01,64,-22.9575,14.5053,19,4.61
372,Frolovo,RU,19.0,84,49.7713,43.6622,100,4.0
373,Nagapattinam,IN,74.3,82,10.7667,79.8333,0,10.67
374,Sioux Lookout,CA,-14.8,64,50.1001,-91.917,90,12.66
375,Kidal,ML,89.2,11,18.4411,1.4078,57,13.6
376,Biak,ID,76.75,78,-0.9131,122.8766,100,3.04
377,Yining,CN,51.91,85,29.0361,114.5636,6,1.03
378,Constitución,CL,63.75,74,-35.3333,-72.4167,84,3.6
379,Māngrol,IN,70.47,48,21.1167,70.1167,0,6.29
380,Soyo,AO,87.8,70,-6.1349,12.3689,75,8.05
381,Baoqing,CN,-8.21,88,46.3317,132.2111,31,3.56
382,San Quintín,MX,60.1,67,30.4833,-115.95,0,2.62
383,Qiongshan,CN,68.0,94,20.0058,110.3542,0,2.24
384,Taldan,RU,-18.22,85,53.6667,124.8,14,3.67
385,Zeya,RU,-15.29,83,53.75,127.2667,0,3.6
386,Wum,CM,83.32,18,6.3833,10.0667,12,4.83
387,La Cruz,MX,73.51,53,23.9167,-106.9,0,5.32
388,Kargasok,RU,33.84,97,59.0556,80.8572,100,12.15
389,Luau,AO,69.98,92,-10.7073,22.2247,100,5.86
390,Camacha,PT,60.8,63,33.0833,-16.3333,40,21.85
391,Jardim,BR,85.42,41,-21.4803,-56.1381,0,5.84
392,Brae,GB,35.6,51,60.3964,-1.353,90,23.02
393,Jequié,BR,95.02,34,-13.8575,-40.0836,58,6.49
394,Bartica,GY,87.8,58,6.4,-58.6167,40,9.22
395,Aklavik,CA,-27.4,68,68.2191,-135.0107,20,2.3
396,Sokolo,ML,98.87,9,14.7328,-6.1219,93,5.26
397,Saint George,US,42.6,48,37.1041,-113.5841,1,6.91
398,Hervey Bay,AU,75.0,80,-25.2986,152.8535,100,1.01
399,Svetlaya,RU,4.53,87,46.5389,138.3297,44,9.1
400,Hof,DE,31.96,93,50.3167,11.9167,90,9.22
401,Lakki,PK,56.59,45,32.6079,70.9114,0,0.51
402,Durazno,UY,78.8,44,-33.4131,-56.5006,0,6.11
403,Kumul,CN,32.52,78,42.8,93.45,100,4.12
404,Kirovskiy,RU,-8.41,86,45.0917,133.5136,42,2.73
405,Lipari,IT,66.34,65,38.4674,14.954,0,6.04
406,Mildura,AU,65.17,63,-34.2,142.15,90,12.66
407,Iquitos,PE,84.2,70,-3.7481,-73.2472,75,2.3
408,Portland,US,40.3,81,45.5234,-122.6762,90,5.75
409,Myitkyina,MM,62.89,46,25.3833,97.4,7,2.66
410,Saddiqabad,PK,56.52,37,28.3062,70.1307,0,2.53
411,Lábrea,BR,83.44,85,-7.2586,-64.7981,95,0.72
412,Pangody,RU,-21.14,87,65.85,74.4859,98,11.95
413,Suntar,RU,-22.86,87,62.1444,117.6319,89,2.64
414,Launceston,AU,55.8,94,-41.45,147.1667,40,11.5
415,Harper,LR,82.92,75,4.375,-7.7169,45,9.33
416,Zhigansk,RU,-41.3,80,66.7697,123.3711,43,10.13
417,São Filipe,CV,71.28,70,14.8961,-24.4956,8,16.2
418,Al Bardīyah,LY,62.6,65,31.7561,25.0865,0,2.91
419,Forsytheganj,BY,5.25,93,52.6333,29.7333,39,9.28
420,Hobyo,SO,77.99,72,5.3505,48.5268,2,12.86
421,Owando,CG,83.82,58,-0.4819,15.8999,35,1.16
422,Nuuk,GL,24.01,41,64.1835,-51.7216,0,25.99
423,Rawson,AR,66.87,50,-43.3002,-65.1023,25,17.9
424,Karasjok,NO,24.8,80,69.4719,25.5112,75,20.71
425,Broken Hill,AU,66.2,63,-31.95,141.4333,50,10.36
426,Kampene,CD,72.23,91,-3.6,26.6667,84,2.75
427,Guaraniaçu,BR,77.32,41,-25.1008,-52.8781,0,5.95
428,Amudat,UG,81.32,29,1.95,34.95,75,11.81
429,Te Anau,NZ,52.21,85,-45.4167,167.7167,26,1.01
430,Bay Roberts,CA,37.13,81,47.5999,-53.2648,90,5.75
431,Ürümqi,CN,12.2,92,43.801,87.6005,90,2.24
432,Mari-Turek,RU,-3.5,90,56.7895,49.6235,100,11.65
433,Atar,MR,75.96,19,20.5169,-13.0499,33,19.01
434,Mukdahan,TH,65.32,83,16.5833,104.5,11,7.18
435,Longyearbyen,SJ,23.0,74,78.2186,15.6401,75,5.75
436,Burayevo,RU,7.09,94,55.8407,55.4083,100,19.08
437,Kigorobya,UG,77.18,38,1.6162,31.3089,19,1.43
438,Seoul,KR,45.16,87,37.5683,126.9778,75,6.91
439,Nouadhibou,MR,71.6,49,20.931,-17.0347,0,19.57
440,Sokna,NO,11.5,83,60.24,9.9235,0,5.01
441,Yakeshi,CN,-18.98,84,49.2833,120.7333,0,3.53
442,Sawang Daen Din,TH,70.0,63,17.4753,103.4575,0,9.73
443,Leningradskiy,RU,-13.34,79,69.3833,178.4167,74,6.46
444,São João dos Patos,BR,84.97,60,-6.495,-43.7022,86,2.89
445,Orlik,RU,-5.8,81,52.5178,99.825,42,2.8
446,Paracuru,BR,82.99,71,-3.41,-39.0306,37,18.99
447,Rondonópolis,BR,88.66,49,-16.4708,-54.6356,45,7.0
448,Riachão das Neves,BR,80.13,66,-11.7461,-44.91,100,9.37
449,Abnūb,EG,66.2,59,27.2696,31.1511,0,10.36
450,Mount Isa,AU,73.4,100,-20.7333,139.5,75,9.22
451,Aksarka,RU,-34.15,81,66.5606,67.7975,74,18.16
452,Bosaso,SO,74.8,71,11.2842,49.1816,0,3.09
453,Nushki,PK,54.55,30,29.5542,66.0215,0,2.39
454,Korsholm,FI,14.86,92,63.1142,21.6822,0,5.75
455,Surgut,RU,33.8,100,61.25,73.4167,90,8.95
456,Nantucket,US,39.56,56,41.2835,-70.0995,1,17.27
457,Terrace,CA,30.2,100,54.5163,-128.6035,75,6.91
458,Parabel',RU,33.46,98,58.6978,81.4825,94,11.36
459,Meulaboh,ID,79.48,81,4.1363,96.1285,63,3.36
460,Touros,BR,89.6,45,-5.1989,-35.4608,40,14.97
461,Oeiras do Pará,BR,93.99,42,-2.0031,-49.8544,22,6.93
462,San Patricio,US,63.21,88,28.017,-97.5169,90,6.91
463,Vitina,BA,60.4,63,43.2375,17.4839,75,5.75
464,Nelson Bay,AU,69.53,100,-32.7167,152.15,40,6.06
465,Royan,FR,48.11,100,45.6285,-1.0281,75,11.5
466,Manokwari,ID,78.78,82,-0.8667,134.0833,100,5.68
467,Ferrol,ES,50.34,58,43.4832,-8.2369,9,7.0
468,Yinchuan,CN,32.29,77,38.4681,106.2731,0,4.23
469,Inírida,CO,85.01,75,3.8653,-67.9239,74,2.08
470,La Roda,ES,47.25,66,39.2167,-2.15,40,17.27
471,São João da Barra,BR,78.8,78,-21.6403,-41.0511,75,11.5
472,Buala,SB,80.28,81,-8.145,159.5921,97,11.77
473,Raudeberg,NO,27.16,46,61.9875,5.1352,0,6.91
474,Vlorë,AL,59.65,63,40.4667,19.4897,0,8.75
475,Oxford,GB,40.44,93,51.7522,-1.256,20,4.61
476,Bulgan,MN,2.07,81,48.8125,103.5347,0,2.64
477,Kysyl-Syr,RU,-37.89,81,63.8986,122.7617,46,5.1
478,Wajir,KE,95.0,34,1.7471,40.0573,20,7.94
479,Chitungwiza,ZW,75.0,67,-18.0127,31.0756,100,3.0
480,Jiexiu,CN,40.84,56,37.0244,111.9125,33,4.9
481,Redmond,US,43.0,87,47.674,-122.1215,100,10.54
482,Lorengau,PG,81.55,79,-2.0226,147.2712,49,5.55
483,Severnyy,RU,15.8,73,50.677,36.5532,75,13.42
484,Zabul Province,AF,42.96,56,32.25,67.25,6,2.77
485,Raton,US,39.04,27,36.9034,-104.4391,1,4.61
486,Asău,RO,30.0,76,46.4333,26.4,100,3.2
487,Kapit,MY,74.41,94,2.0167,112.9333,100,0.92
488,Dicabisagan,PH,75.6,88,17.0818,122.4157,87,5.28
489,Letlhakane,BW,78.64,63,-21.4167,25.5833,95,10.89
490,Kaa-Khem,RU,5.25,88,51.6833,94.7333,31,3.47
491,Hirara,JP,70.03,64,24.8,125.2833,0,6.69
492,Seddon,AU,62.01,82,-37.8068,144.8916,40,12.66
493,Saravan,AM,37.4,87,39.7196,45.6483,20,9.22
494,Qeshm,IR,67.08,77,26.9581,56.2719,0,4.61
495,Magadan,RU,2.91,87,59.5667,150.8,88,12.28
496,Aitape,PG,79.14,79,-3.1374,142.3475,100,4.59
497,Kodinsk,RU,9.66,94,58.6881,99.1844,100,4.59
498,Vostok,RU,-11.34,91,46.4856,135.8833,100,2.62
499,Amboasary,MG,86.0,70,-25.0333,46.3833,40,9.22
500,Kitakata,JP,39.0,78,37.65,139.8667,90,4.63
501,Saint-Pierre,RE,79.59,74,-21.3393,55.4781,40,6.91
502,Umm Kaddadah,SD,66.99,25,13.6017,26.6876,0,12.17
503,Strängnäs,SE,17.44,73,59.3774,17.0312,75,5.75
504,Warmbad,NA,94.08,11,-28.45,18.7333,0,19.64
505,Gigmoto,PH,78.4,86,13.7796,124.39,64,9.91
506,Grand-Santi,GF,80.64,90,4.25,-54.3833,86,4.79
507,Lewisporte,CA,31.42,93,49.2499,-55.0482,90,13.8
508,Jaguarão,BR,80.73,50,-32.5661,-53.3758,0,8.68
509,Margate,GB,44.42,91,51.3813,1.3862,99,3.0
510,Nzega,RW,59.4,90,-2.479,29.5564,91,2.77
511,Cockburn Town,TC,82.4,65,21.4612,-71.1419,40,17.27
512,Buchanan,LR,80.6,78,5.8808,-10.0467,75,3.44
513,Singapore,SG,77.94,83,1.2897,103.8501,75,4.61
514,Hamilton,US,27.19,46,39.1834,-84.5333,1,4.16
515,Ternovka,RU,7.59,94,51.678,41.6375,100,12.01
516,Ulaangom,MN,-7.15,89,49.9811,92.0667,6,1.77
517,Sharan,RU,0.16,91,54.8167,54.0,100,17.49
518,Doha,QA,69.87,78,25.2867,51.5333,0,6.91
519,Ixtapa,MX,68.0,73,20.7,-105.2,1,5.75
520,Bonaventure,CA,30.2,100,48.0457,-65.4926,99,6.91
521,Big Spring,US,56.8,24,32.2504,-101.4787,1,23.02
522,Kirakira,SB,79.61,81,-10.4544,161.9205,96,5.48
523,Xichang,CN,45.95,55,27.8964,102.2634,0,1.28
524,Arman',RU,0.14,88,59.7,150.1667,98,9.69
525,Stettler,CA,-18.4,83,52.3168,-112.7186,100,1.14
526,San Francisco,US,48.45,76,37.7749,-122.4194,1,4.34
527,Haimen,CN,60.8,82,23.1935,116.6142,0,4.25
528,Wasilla,US,11.19,85,61.5814,-149.4394,90,0.51
529,Flint,US,16.92,62,43.0125,-83.6875,90,18.41
530,Monrovia,LR,80.6,78,6.3005,-10.7969,75,3.44
531,Makakilo City,US,61.52,82,21.3469,-158.0858,75,3.44
532,Maryville,US,46.02,56,35.7565,-83.9705,75,4.61
533,Marovoay,MG,82.4,74,-16.1,46.6333,40,5.75
534,Sulangan,PH,80.37,81,11.1373,123.7228,16,15.79
535,Marsá Maţrūḩ,EG,60.8,82,31.3525,27.2453,0,5.75
536,Mandalgovi,MN,6.76,85,45.7625,106.2708,72,8.16
537,Almaznyy,RU,23.0,74,48.0448,40.045,0,6.71
538,Abapó,BO,90.34,31,-18.8333,-63.4667,73,3.98
539,La Ronge,CA,-29.2,68,55.1001,-105.2842,2,5.75
540,Viesca,MX,62.6,16,25.35,-102.8,1,2.13
541,Avera,US,48.47,46,33.194,-82.5271,90,8.05
542,Solton,RU,24.46,97,52.8429,86.4787,85,2.98
543,Digha,IN,71.1,58,21.6833,87.55,24,10.27
544,Dwārka,IN,70.03,46,22.2394,68.9678,0,13.0
545,Oktyabr'skiy,RU,-0.27,90,54.4815,53.471,100,12.97
546,Korčula,HR,60.39,63,42.9622,17.1369,75,5.75
547,Yorkton,CA,-25.6,68,51.2167,-102.4677,1,13.8
548,Sanchursk,RU,-3.86,91,56.9413,47.2499,100,12.19
549,Örnsköldsvik,SE,21.2,86,63.2909,18.7153,20,6.91
550,Koygorodok,RU,-6.39,90,60.445,50.9968,100,10.67
551,Lodwar,KE,89.87,30,3.1191,35.5973,25,6.69
552,Havre-St-Pierre,CA,30.2,100,50.2334,-63.5986,90,14.97
553,Roald,NO,22.46,58,62.5833,6.1333,0,8.05
554,Itarema,BR,87.78,55,-2.9248,-39.9167,61,15.7
555,Gerede,TR,41.4,68,40.8008,32.1969,1,5.01
556,Sinnamary,GF,79.99,84,5.3833,-52.95,89,15.64
557,Coyhaique,CL,68.0,45,-45.5752,-72.0662,0,9.22
558,Itapé,PY,79.57,53,-25.85,-56.6167,0,7.29
559,Bubaque,GW,79.63,59,11.2833,-15.8333,23,16.37
560,Pascagoula,US,49.98,87,30.3658,-88.5561,90,8.05
561,Gari,RU,7.9,95,59.4307,62.3497,100,11.41
562,Takoradze,GH,83.07,78,4.8845,-1.7554,38,10.78
563,Varkaus,FI,9.7,79,62.3153,27.873,20,10.36
564,Santa Fe,AR,88.14,33,-31.6333,-60.7,0,1.99
565,Nanyuki,KE,61.95,69,0.0167,37.0728,84,4.45
566,Teruel,ES,47.79,76,40.6667,-0.6667,75,10.36
567,Setermoen,NO,23.0,80,68.861,18.3486,75,9.22
568,Urengoy,RU,-12.91,89,65.9667,78.3667,100,12.28
569,Santa Maria,BR,75.2,57,-29.6842,-53.8069,20,4.61
570,Bintulu,MY,77.0,100,3.1667,113.0333,40,6.06
571,Port Hardy,CA,43.48,100,50.6996,-127.4199,90,9.22
572,Davidson,US,41.72,75,36.1501,-86.7833,75,4.68
573,Bonavista,CA,33.57,86,48.6499,-53.1147,100,5.75
574,Sibolga,ID,77.47,80,1.7427,98.7792,72,3.8
575,Nelidovo,RU,3.18,93,56.2211,32.7774,100,7.54
576,Novy Urengoy,RU,-18.89,87,66.0833,76.6333,99,12.82
577,Belaya Gora,RU,-30.46,83,68.5333,146.4167,52,1.9
578,Sikandrabad,IN,59.0,88,28.45,77.7,0,4.61
579,Ayr,GB,40.59,75,55.4627,-4.6339,40,13.8
580,Okhotsk,RU,2.26,90,59.3833,143.3,100,8.72
581,Kohima,IN,47.88,82,25.6667,94.1167,0,2.01
582,Lompoc,US,48.43,81,34.6391,-120.4579,1,5.75
583,Ubari,LY,72.19,20,26.5921,12.7805,72,13.31
584,Sovetskiy,RU,-3.78,92,61.3614,63.5842,100,12.24
